School Type,Total Students,Total School Budget,Per Student Budget,Average Math Score,Average Reading Score,% Passing Math,% Passing Reading,% Overall Passing,School Size
Charter,1858,"$1,081,356.00",$582.00,83.06189451022605,83.97578040904197,94.1334768568353,97.03982777179763,91.33476856835307,Medium (1000-2000)
Charter,1635,"$1,043,130.00",$638.00,83.4183486238532,83.84892966360856,93.27217125382263,97.30886850152906,90.94801223241589,Medium (1000-2000)
Charter,1468,"$917,500.00",$625.00,83.35149863760218,83.816757493188,93.39237057220708,97.13896457765668,90.59945504087193,Medium (1000-2000)
Charter,2283,"$1,319,574.00",$578.00,83.2742006132282,83.98948751642575,93.8677179150241,96.53964082347788,90.58256679807272,Large (2000-5000)
Charter,962,"$585,858.00",$609.00,83.83991683991684,84.04469854469855,94.5945945945946,95.94594594594594,90.54054054054053,Small (<1000)
